{"U-statistic": 26582616.5, "p-value": 2.579017153042547e-78, "CL": 0.6162454239355837, "Glass' Delta": -0.024971642473198014, "Cliff's Delta": 0.23249084787116742, "Cliff's Effect": "small"}