{"U-statistic": 24477756.0, "p-value": 2.562991164587075e-22, "CL effect size": 0.5674499770634609}