{"U-statistic": 25505344.5, "p-value": 8.603750110316536e-35, "CL effect size": 0.591271812314849}