{"U-statistic": 26582616.5, "p-value": 2.579017153042547e-78, "CL effect size": 0.6162454239355837}