{"U-statistic": 26788740.0, "p-value": 1.2593582064852507e-81, "CL effect size": 0.6210238348057321}