{"U-statistic": 28362547.0, "p-value": 4.106054278496132e-97, "CL effect size": 0.657508255438584}