{"U-statistic": 24477756.0, "p-value": 2.562991164587075e-22, "CL": 0.5674499770634609, "Glass' Delta": 0.28041946565077674, "Cliff's Delta": 0.13489995412692182, "Cliff's Effect": "negligible", "Bot mean": 2.909090909090909, "Bot median": 1, "Non-bot mean": 1.6616927944772042, "Non-bot median": 0.0}