{"U-statistic": 10771202.0, "p-value": 2.1391670100956185e-19, "CL": 0.5814751463310287, "Glass' Delta": 0.3262406967213931, "Cliff's Delta": 0.16295029266205732, "Cliff's Effect": "small"}