{"U-statistic": 1120055.0, "p-value": 5.456233496359083e-17, "CL effect size": 0.6116441498017715}