{"U-statistic": 11689874.0, "p-value": 2.3263129073182555e-65, "CL": 0.6310689554184655, "Glass' Delta": 0.654857486158107, "Cliff's Delta": 0.26213791083693117, "Cliff's Effect": "small"}