{"U-statistic": 10771202.0, "p-value": 2.1391670100956185e-19, "CL effect size": 0.5814751463310287}