{"U-statistic": 3495628.5, "p-value": 1.815172358648253e-07, "CL": 0.5581467590197544, "Glass' Delta": 0.23729513155743862, "Cliff's Delta": 0.11629351803950873, "Cliff's Effect": "negligible", "Bot mean": 4.271604938271605, "Bot median": 1.0, "Non-bot mean": 2.7379203310915674, "Non-bot median": 1}