{"U-statistic": 11621594.0, "p-value": 7.276357095734642e-54, "CL effect size": 0.6273829115589704}