{"U-statistic": 10281856.5, "p-value": 1.800464468761839e-10, "CL effect size": 0.5550582017579968}