{"U-statistic": 3557473.5, "p-value": 5.11735358081203e-09, "CL effect size": 0.5680215458603974}