{"U-statistic": 3953254.0, "p-value": 1.3371533178828574e-31, "CL effect size": 0.631215790717429}