{"U-statistic": 3944609.0, "p-value": 1.6745015809536243e-38, "CL effect size": 0.6298354441698122}