{"U-statistic": 3495628.5, "p-value": 1.815172358648253e-07, "CL effect size": 0.5581467590197544}