{"U-statistic": 11621594.0, "p-value": 7.276357095734642e-54, "CL": 0.6273829115589704, "Glass' Delta": -0.03543616631410632, "Cliff's Delta": 0.2547658231179407, "Cliff's Effect": "small"}