{"U-statistic": 1000172.5, "p-value": 0.0025783129575860106, "CL effect size": 0.5461782309061718}