{"U-statistic": 1141703.5, "p-value": 3.010578027508712e-16, "CL": 0.6234660499557672, "Glass' Delta": -0.08763284829791995, "Cliff's Delta": 0.2469320999115344, "Cliff's Effect": "small"}