{"U-statistic": 11689874.0, "p-value": 2.3263129073182555e-65, "CL effect size": 0.6310689554184655}