{"U-statistic": 12508364.0, "p-value": 6.895424630115879e-82, "CL": 0.6752545154442161, "Glass' Delta": 0.8567189118395588, "Cliff's Delta": 0.3505090308884321, "Cliff's Effect": "medium"}