{"U-statistic": 1141703.5, "p-value": 3.010578027508712e-16, "CL effect size": 0.6234660499557672}