{"U-statistic": 12508364.0, "p-value": 6.895424630115879e-82, "CL effect size": 0.6752545154442161}