{"U-statistic": 1007338.0, "p-value": 0.0006213296393504983, "CL effect size": 0.5500911960332456}