{"U-statistic": 1288551.5, "p-value": 5.2155681457852425e-40, "CL effect size": 0.7036573978003735}