{"U-statistic": 4350882.5, "p-value": 4.955105064082226e-62, "CL effect size": 0.6947051056056919}