{"U-statistic": 278900.0, "p-value": 0.6464372006667056, "CL effect size": 0.5065714431019827}