{"U-statistic": 328581.5, "p-value": 1.0667249484480336e-10, "CL effect size": 0.5968089086827326}