{"U-statistic": 311331.5, "p-value": 3.3760564629792247e-06, "CL effect size": 0.5654774013557007}