{"U-statistic": 274300.0, "p-value": 0.904860797266724, "CL effect size": 0.49821637448144085}