{"U-statistic": 309447.0, "p-value": 4.352563461758293e-06, "CL effect size": 0.5620545477001766}