{"U-statistic": 822368.5, "p-value": 1.7426033625398986e-173, "CL effect size": 0.2303166134543214}