{"U-statistic": 2085958.5, "p-value": 3.728330804048092e-18, "CL": 0.5842039153083516, "Glass' Delta": 0.7602976616652307, "Cliff's Delta": 0.16840783061670309, "Cliff's Effect": "small"}