{"U-statistic": 1557719.5, "p-value": 3.3516174007002994e-11, "CL effect size": 0.4362626729401221}