{"U-statistic": 2322972.0, "p-value": 3.124998911059233e-67, "CL effect size": 0.6505830952781045}