{"U-statistic": 2085958.5, "p-value": 3.728330804048092e-18, "CL effect size": 0.5842039153083516}