{"U-statistic": 1733788.0, "p-value": 0.12602753394664418, "CL effect size": 0.48557329300397695}