{"U-statistic": 2322972.0, "p-value": 3.12499891105941e-67, "CL": 0.6505830952781045, "Glass' Delta": 0.5195826469231877, "Cliff's Delta": 0.301166190556209, "Cliff's Effect": "small", "Bot mean": 1.9386363636363637, "Bot median": 2.0, "Non-bot mean": 1.509796672828096, "Non-bot median": 1}