{"U-statistic": 639457.5, "p-value": 0.2696794693279888, "CL": 0.4862240048663651, "Glass' Delta": 0.09357120647885553, "Cliff's Delta": -0.027551990267269892, "Cliff's Effect": "negligible", "Bot mean": 6.012413793103448, "Bot median": 2, "Non-bot mean": 5.22877618522602, "Non-bot median": 2.0}