{"U-statistic": 358146.5, "p-value": 1.5614868691913236e-32, "CL": 0.6721666066093119, "Glass' Delta": 0.5974815849806228, "Cliff's Delta": 0.3443332132186238, "Cliff's Effect": "medium", "Bot mean": 2.0648769574944073, "Bot median": 2, "Non-bot mean": 1.5528523489932886, "Non-bot median": 1.0}