{"U-statistic": 250961.0, "p-value": 0.06962732479637816, "CL effect size": 0.47100168160593364}