{"U-statistic": 816782.0, "p-value": 1.398042123779861e-21, "CL effect size": 0.6210561532904992}