{"U-statistic": 268474.5, "p-value": 0.8072171648933332, "CL effect size": 0.5038708841944056}