{"U-statistic": 99210.5, "p-value": 0.06222263994166058, "CL effect size": 0.5385143570536829}