{"U-statistic": 118895.0, "p-value": 2.8927147357995647e-12, "CL effect size": 0.6453617760408186}