{"U-statistic": 175288.0, "p-value": 4.904991093714366e-27, "CL effect size": 0.3289791751122322}