{"U-statistic": 63766.5, "p-value": 9.445544096498754e-14, "CL effect size": 0.3461244097052597}