{"U-statistic": 346605.0, "p-value": 5.586874565544757e-21, "CL effect size": 0.650505607855502}