{"U-statistic": 816782.0, "p-value": 1.398042123779861e-21, "CL": 0.6210561532904992, "Glass' Delta": 0.9494564026301029, "Cliff's Delta": 0.24211230658099836, "Cliff's Effect": "small"}