{"U-statistic": 93615.5, "p-value": 0.6953483927113411, "CL effect size": 0.5081447104163275}