{"U-statistic": 639457.5, "p-value": 0.2696794693279888, "CL effect size": 0.4862240048663651}