{"U-statistic": 601623.5, "p-value": 0.0007602288163503225, "CL effect size": 0.45745618370528074}