{"U-statistic": 250961.0, "p-value": 0.06962732479637816, "CL": 0.47100168160593364, "Glass' Delta": 0.024888545751109166, "Cliff's Delta": -0.05799663678813267, "Cliff's Effect": "small"}