{"U-statistic": 120340.5, "p-value": 6.28354290194051e-16, "CL effect size": 0.6532079465885035}