{"U-statistic": 358146.5, "p-value": 1.5614868691913236e-32, "CL effect size": 0.6721666066093119}