{"U-statistic": 367407.5, "p-value": 6.165415550012525e-69, "CL effect size": 0.27936547161920694}