{"U-statistic": 118895.0, "p-value": 2.8927147357995437e-12, "CL": 0.6453617760408186, "Glass' Delta": 1.1187621209687781, "Cliff's Delta": 0.2907235520816371, "Cliff's Effect": "small", "Bot mean": 2497.1573033707864, "Bot median": 1372, "Non-bot mean": 1179.6434782608696, "Non-bot median": 817.0}