{"U-statistic": 873818.5, "p-value": 1.1746171199208334e-46, "CL effect size": 0.6644249705356804}