{"U-statistic": 970.5, "p-value": 0.09703113480040139, "CL": 0.6065625, "Glass' Delta": 0.6373504556096277, "Cliff's Delta": 0.213125, "Cliff's Effect": "small"}