{"U-statistic": 940.5, "p-value": 0.15276828059068376, "CL effect size": 0.5878125}