{"U-statistic": 772.0, "p-value": 0.721805733554705, "CL": 0.4825, "Glass' Delta": -0.1234276103633217, "Cliff's Delta": -0.035, "Cliff's Effect": "small"}