{"U-statistic": 970.5, "p-value": 0.09703113480040139, "CL effect size": 0.6065625}