{"U-statistic": 788.5, "p-value": 0.9157003566153943, "CL effect size": 0.4928125}