{"U-statistic": 788.5, "p-value": 0.9157003566153943, "CL": 0.4928125, "Glass' Delta": 0.35140237013631265, "Cliff's Delta": -0.014375, "Cliff's Effect": "negligible", "Bot mean": 1206.4, "Bot median": 648.5, "Non-bot mean": 909.8, "Non-bot median": 570.0}