{"U-statistic": 149.0, "p-value": 1.2334140356903473e-10, "CL effect size": 0.093125}