{"U-statistic": 6718385.0, "p-value": 2.7072989393699937e-130, "CL effect size": 0.7739153854155375}