{"U-statistic": 5467402.0, "p-value": 1.042107993225315e-40, "CL effect size": 0.6298100698384628}