{"U-statistic": 6605707.5, "p-value": 6.803129295462056e-123, "CL effect size": 0.7609356513216803}