{"U-statistic": 6710708.5, "p-value": 5.482078350612989e-143, "CL effect size": 0.7730311012525813}