{"U-statistic": 5314881.5, "p-value": 1.2110137120534162e-25, "CL effect size": 0.6122406745833129}