{"U-statistic": 5467402.0, "p-value": 1.042107993225315e-40, "CL": 0.6298100698384628, "Glass' Delta": 0.024903194942915794, "Cliff's Delta": 0.25962013967692554, "Cliff's Effect": "small", "Bot mean": 6.008683068017366, "Bot median": 2, "Non-bot mean": 3.6390989413356682, "Non-bot median": 1}