{"U-statistic": 6605707.5, "p-value": 6.803129295462056e-123, "CL": 0.7609356513216803, "Glass' Delta": 1.1471302613789116, "Cliff's Delta": 0.5218713026433606, "Cliff's Effect": "large", "Bot mean": 12.739507959479015, "Bot median": 8, "Non-bot mean": 4.756746000159198, "Non-bot median": 3}