{"U-statistic": 571347.5, "p-value": 3.0921232319397544e-34, "CL effect size": 0.7055240670766343}