{"U-statistic": 571347.5, "p-value": 3.0921232319397544e-34, "CL": 0.7055240670766343, "Glass' Delta": 0.8006510079334511, "Cliff's Delta": 0.41104813415326863, "Cliff's Effect": "medium", "Bot mean": 16.60909090909091, "Bot median": 10.0, "Non-bot mean": 7.8736756316218415, "Non-bot median": 4.0}