{"U-statistic": 2793057.5, "p-value": 4.33194302132825e-90, "CL effect size": 0.7518247458034076}