{"U-statistic": 571347.5, "p-value": 3.0921232319397544e-34, "CL": 0.7055240670766343, "Glass' Delta": 0.8006510079334511, "Cliff's Delta": 0.41104813415326863, "Cliff's Effect": "medium"}