{"U-statistic": 484617.0, "p-value": 2.0948964922861367e-09, "CL effect size": 0.5984255760539379}