{"U-statistic": 119406.0, "p-value": 8.287010236378906e-06, "CL": 0.5997649280720083, "Glass' Delta": 0.7200927521479976, "Cliff's Delta": 0.19952985614401672, "Cliff's Effect": "small"}