{"U-statistic": 588821.5, "p-value": 4.926872020382832e-41, "CL effect size": 0.727101701612704}