{"U-statistic": 146718.0, "p-value": 5.7206763220762805e-25, "CL effect size": 0.7369504942537973}