{"U-statistic": 2293512.0, "p-value": 5.3682116801584046e-21, "CL effect size": 0.6173589610658088}