{"U-statistic": 148480.0, "p-value": 2.5480545327549666e-27, "CL effect size": 0.7458008518845938}