{"U-statistic": 2774699.5, "p-value": 7.172051237494153e-81, "CL effect size": 0.7468832081932943}