{"U-statistic": 2738701.5, "p-value": 2.0039307647139975e-76, "CL": 0.7371934015210612, "Glass' Delta": 0.948282842497742, "Cliff's Delta": 0.47438680304212233, "Cliff's Effect": "large"}