{"U-statistic": 151278.0, "p-value": 1.577697030793124e-29, "CL effect size": 0.7598549385196496}