{"U-statistic": 148480.0, "p-value": 2.5480545327549666e-27, "CL": 0.7458008518845938, "Glass' Delta": 0.8612861540747795, "Cliff's Delta": 0.4916017037691875, "Cliff's Effect": "large", "Bot mean": 5.869565217391305, "Bot median": 5.0, "Non-bot mean": 3.398336414048059, "Non-bot median": 3.0}