{"U-statistic": 2293512.0, "p-value": 5.368211680158291e-21, "CL": 0.6173589610658088, "Glass' Delta": 0.7087233600387374, "Cliff's Delta": 0.2347179221316175, "Cliff's Effect": "small", "Bot mean": 7.432584269662922, "Bot median": 2.0, "Non-bot mean": 3.0181112548512288, "Non-bot median": 1}