{"U-statistic": 2738701.5, "p-value": 2.0039307647139975e-76, "CL effect size": 0.7371934015210612}