{"U-statistic": 119406.0, "p-value": 8.287010236378948e-06, "CL": 0.5997649280720083, "Glass' Delta": 0.7200927521479976, "Cliff's Delta": 0.19952985614401672, "Cliff's Effect": "small", "Bot mean": 11.043478260869565, "Bot median": 4.0, "Non-bot mean": 4.780961182994455, "Non-bot median": 1.0}