{"U-statistic": 584400.0, "p-value": 9.067733328752299e-41, "CL effect size": 0.7216418463362229}