{"U-statistic": 524653.5, "p-value": 6.672444009278651e-20, "CL effect size": 0.6478643402237534}