{"U-statistic": 2384132.0, "p-value": 8.380154582839057e-33, "CL effect size": 0.6417517129030712}