{"U-statistic": 588821.5, "p-value": 4.926872020382832e-41, "CL": 0.727101701612704, "Glass' Delta": 0.6819112248383233, "Cliff's Delta": 0.45420340322540814, "Cliff's Effect": "medium", "Bot mean": 7182.884848484849, "Bot median": 3714.0, "Non-bot mean": 2849.7249388753057, "Non-bot median": 939.5}