{"U-statistic": 119406.0, "p-value": 8.287010236378906e-06, "CL effect size": 0.5997649280720083}