{"U-statistic": 135866.5, "p-value": 4.0943775699616673e-16, "CL effect size": 0.6824444466768465}