{"U-statistic": 55242.5, "p-value": 0.09232571302170078, "CL effect size": 0.5361215438514766}