{"U-statistic": 55643.0, "p-value": 0.07344598482190882, "CL": 0.5400083461922924, "Glass' Delta": 0.12716987934755183, "Cliff's Delta": 0.08001669238458478, "Cliff's Effect": "negligible", "Bot mean": 4.866043613707165, "Bot median": 2, "Non-bot mean": 3.965732087227414, "Non-bot median": 1}