{"U-statistic": 55242.5, "p-value": 0.09232571302170078, "CL": 0.5361215438514766, "Glass' Delta": 0.03928531845681897, "Cliff's Delta": 0.0722430877029532, "Cliff's Effect": "negligible", "Bot mean": 2.7196261682242993, "Bot median": 2, "Non-bot mean": 2.6043613707165107, "Non-bot median": 1}