{"U-statistic": 67133.5, "p-value": 2.5741670931355552e-11, "CL": 0.651522209605885, "Glass' Delta": 0.5035758975981548, "Cliff's Delta": 0.30304441921177006, "Cliff's Effect": "small", "Bot mean": 8.881619937694705, "Bot median": 6, "Non-bot mean": 5.788161993769471, "Non-bot median": 4}