{"U-statistic": 55643.0, "p-value": 0.07344598482190882, "CL effect size": 0.5400083461922924}