{"U-statistic": 70497.0, "p-value": 6.689336676486923e-16, "CL": 0.6841645558564067, "Glass' Delta": 0.6307794624655293, "Cliff's Delta": 0.36832911171281335, "Cliff's Effect": "medium"}