{"U-statistic": 67133.5, "p-value": 2.5741670931355278e-11, "CL effect size": 0.651522209605885}