{"U-statistic": 73639.0, "p-value": 7.369472133611934e-22, "CL effect size": 0.7146572723479003}