{"U-statistic": 70497.0, "p-value": 6.689336676486923e-16, "CL effect size": 0.6841645558564067}