{"U-statistic": 29274.0, "p-value": 5.80173428796612e-06, "CL effect size": 0.6301989150090416}