{"U-statistic": 29052.5, "p-value": 1.3793183571462986e-05, "CL effect size": 0.6254305519676225}