{"U-statistic": 23607.5, "p-value": 0.7545698520800658, "CL effect size": 0.508212778782399}