{"U-statistic": 30409.0, "p-value": 4.7497037029777027e-08, "CL effect size": 0.654632739171618}