{"U-statistic": 29052.5, "p-value": 1.3793183571462986e-05, "CL": 0.6254305519676225, "Glass' Delta": 0.21118127668748837, "Cliff's Delta": 0.25086110393524497, "Cliff's Effect": "small", "Bot mean": 4085.326530612245, "Bot median": 2043, "Non-bot mean": 2824.3006329113923, "Non-bot median": 1033.0}