{"U-statistic": 23868.0, "p-value": 0.6231679580903251, "CL effect size": 0.513820718160682}