{"U-statistic": 15430.0, "p-value": 1.0107845684159194e-24, "CL": 0.23294082125603865, "Glass' Delta": -0.2695572157546819, "Cliff's Delta": -0.5341183574879227, "Cliff's Effect": "large", "Bot mean": 1.181159420289855, "Bot median": 0.0, "Non-bot mean": 2.0166666666666666, "Non-bot median": 1.0}