{"U-statistic": 35432.0, "p-value": 0.10276855676952351, "CL": 0.534903381642512, "Glass' Delta": 0.06946126497542346, "Cliff's Delta": 0.06980676328502415, "Cliff's Effect": "negligible", "Bot mean": 1.4202898550724639, "Bot median": 1.0, "Non-bot mean": 1.3666666666666667, "Non-bot median": 1.0}