{"U-statistic": 17820.0, "p-value": 1.1887319353832171e-16, "CL effect size": 0.26902173913043476}