{"U-statistic": 35432.0, "p-value": 0.10276855676952351, "CL effect size": 0.534903381642512}