{"U-statistic": 44107.5, "p-value": 8.868544515560936e-10, "CL effect size": 0.6658740942028986}