{"U-statistic": 37672.0, "p-value": 0.01189431580764007, "CL effect size": 0.568719806763285}