{"U-statistic": 15430.0, "p-value": 1.010784568415941e-24, "CL effect size": 0.23294082125603865}