{"U-statistic": 1456.5, "p-value": 0.0005558125808500749, "CL effect size": 0.32366666666666666}