{"U-statistic": 7870.5, "p-value": 7.003113401512031e-10, "CL effect size": 0.2896974381625442}