{"U-statistic": 8589.0, "p-value": 0.09728871126917076, "CL effect size": 0.5641379310344827}