{"U-statistic": 2523.5, "p-value": 0.23179324200920604, "CL effect size": 0.5607777777777778}