{"U-statistic": 14522.5, "p-value": 0.19750668180753417, "CL effect size": 0.5345443168433451}