{"U-statistic": 3686.0, "p-value": 5.366294587025233e-12, "CL effect size": 0.24210180623973726}