{"U-statistic": 3039.5, "p-value": 0.0005706614351617915, "CL effect size": 0.6754444444444444}