{"U-statistic": 6203.5, "p-value": 5.615740691267041e-17, "CL effect size": 0.22833848645465255}