{"U-statistic": 15230.0, "p-value": 0.07183375192328284, "CL effect size": 0.5605859835100118}