{"U-statistic": 8461.0, "p-value": 0.0726986133449141, "CL": 0.5557307060755337, "Glass' Delta": 0.1667770395524309, "Cliff's Delta": 0.11146141215106732, "Cliff's Effect": "negligible", "Bot mean": 1.5066666666666666, "Bot median": 1, "Non-bot mean": 1.3793103448275863, "Non-bot median": 1}