{"U-statistic": 18607.5, "p-value": 4.288980360757625e-08, "CL effect size": 0.684905035335689}