{"U-statistic": 2523.5, "p-value": 0.23179324200920604, "CL": 0.5607777777777778, "Glass' Delta": 0.5897949364791768, "Cliff's Delta": 0.12155555555555556, "Cliff's Effect": "small"}