{"U-statistic": 4897.0, "p-value": 4.917510843559779e-06, "CL effect size": 0.32164203612479475}