{"U-statistic": 2566.5, "p-value": 0.0949691284990098, "CL effect size": 0.5703333333333334}