{"U-statistic": 8461.0, "p-value": 0.07269861334491416, "CL effect size": 0.5557307060755337}