{"U-statistic": 6203.5, "p-value": 5.615740691267041e-17, "CL": 0.22833848645465255, "Glass' Delta": -0.22238612141181435, "Cliff's Delta": -0.5433230270906949, "Cliff's Effect": "small"}