{"U-statistic": 11000.0, "p-value": 9.498552981072823e-09, "CL effect size": 0.722495894909688}