{"U-statistic": 113.0, "p-value": 0.4953571038736402, "CL effect size": 0.576530612244898}