{"U-statistic": 42.0, "p-value": 0.009882236301564123, "CL effect size": 0.21428571428571427}