{"U-statistic": 81.5, "p-value": 0.4501502538235478, "CL effect size": 0.41581632653061223}