{"U-statistic": 106.0, "p-value": 0.6494195965521815, "CL effect size": 0.5408163265306123}