{"U-statistic": 34.5, "p-value": 0.002493766557106908, "CL effect size": 0.1760204081632653}