{"U-statistic": 669168.5, "p-value": 0.0006039656904277321, "CL effect size": 0.5441332164568202}