{"U-statistic": 351580.0, "p-value": 6.198733353876092e-32, "CL": 0.28588667315016897, "Glass' Delta": -0.5066478368086361, "Cliff's Delta": -0.42822665369966206, "Cliff's Effect": "small"}