{"U-statistic": 792282.5, "p-value": 3.173638155307902e-15, "CL effect size": 0.6442431541046099}