{"U-statistic": 747784.5, "p-value": 9.140479882831484e-10, "CL effect size": 0.6080596818313401}