{"U-statistic": 351580.0, "p-value": 6.198733353876092e-32, "CL effect size": 0.28588667315016897}