{"U-statistic": 733873.5, "p-value": 4.402888303267028e-08, "CL effect size": 0.5967479760739249}