{"U-statistic": 29212.0, "p-value": 0.0001617125354118855, "CL effect size": 0.6447995761963623}