{"U-statistic": 200203.0, "p-value": 0.0006601223527701879, "CL effect size": 0.5816641971004387}