{"U-statistic": 23391.0, "p-value": 0.6596521909019293, "CL effect size": 0.5163120254282183}