{"U-statistic": 251970.5, "p-value": 1.924564814606121e-21, "CL effect size": 0.7320680438130103}