{"U-statistic": 31916.0, "p-value": 3.0043947902678204e-07, "CL effect size": 0.7044852551651068}