{"U-statistic": 181368.5, "p-value": 0.18787330565140803, "CL effect size": 0.5269429675469944}