{"U-statistic": 95833.0, "p-value": 2.182333547790305e-08, "CL effect size": 0.663295957918051}