{"U-statistic": 42423.5, "p-value": 9.586800169896866e-12, "CL effect size": 0.29362887596899223}