{
  "U-statistic": 29212.0,
  "p-value": 0.0001617125354118855,
  "CL": 0.6447995761963623,
  "Glass' Delta": 0.5808878058864814,
  "Cliff's Delta": 0.2895991523927247,
  "Cliff's Effect": "small",
  "Bot mean": 3.4285714285714284,
  "Bot median": 3.0,
  "Non-bot mean": 2.689740420271941,
  "Non-bot median": 2
}