{"U-statistic": 76162.5, "p-value": 0.31518663121620605, "CL effect size": 0.5271490863787376}