{"U-statistic": 27315.5, "p-value": 0.009325039123742829, "CL effect size": 0.6029379304255695}