{"U-statistic": 200203.0, "p-value": 0.0006601223527701879, "CL": 0.5816641971004387, "Glass' Delta": 0.28221436863563937, "Cliff's Delta": 0.1633283942008774, "Cliff's Effect": "small"}