{"U-statistic": 84927.0, "p-value": 0.0034462244279237927, "CL effect size": 0.5878114617940199}