{"U-statistic": 102156.5, "p-value": 6.172298049456568e-17, "CL effect size": 0.2968026380778059}