{"U-statistic": 13688.0, "p-value": 6.627917194010158e-07, "CL effect size": 0.3021366766731414}