{"U-statistic": 224988.5, "p-value": 5.075987844221059e-11, "CL effect size": 0.6536752956216043}