{"U-statistic": 27315.5, "p-value": 0.009325039123742829, "CL": 0.6029379304255695, "Glass' Delta": 0.3105018715536274, "Cliff's Delta": 0.20587586085113896, "Cliff's Effect": "small", "Bot mean": 8.464285714285714, "Bot median": 6.0, "Non-bot mean": 5.836835599505562, "Non-bot median": 3}