{"U-statistic": 100133.0, "p-value": 2.1389179453564495e-10, "CL effect size": 0.6930578626799557}