{"U-statistic": 5425.5, "p-value": 0.6631767414670704, "CL effect size": 0.4828675685297259}