{"U-statistic": 8118.5, "p-value": 2.1675249719211656e-08, "CL effect size": 0.7225436098255607}