{"U-statistic": 8182.0, "p-value": 2.5439768426019373e-09, "CL effect size": 0.7281950872196511}