{"U-statistic": 3789.0, "p-value": 3.5963374941700444e-05, "CL effect size": 0.3372196511213955}