{"U-statistic": 5558.0, "p-value": 0.8754010473622057, "CL effect size": 0.49466002135991455}