{"U-statistic": 10829195.5, "p-value": 0.031288996467629185, "CL effect size": 0.5167894852680671}