{"U-statistic": 14983881.0, "p-value": 6.888203671019093e-146, "CL effect size": 0.7150588563396025}