{"U-statistic": 12939854.5, "p-value": 2.1716033592985477e-54, "CL effect size": 0.6175140846334044}