{"U-statistic": 11682222.0, "p-value": 5.3703236426973605e-12, "CL": 0.5574975070093886, "Glass' Delta": 0.30849206044111355, "Cliff's Delta": 0.11499501401877722, "Cliff's Effect": "negligible", "Bot mean": 10.361852433281005, "Bot median": 7.0, "Non-bot mean": 7.818579766536965, "Non-bot median": 5.0}