{"U-statistic": 14446518.0, "p-value": 2.143551069684003e-118, "CL": 0.6894148878497822, "Glass' Delta": 0.7547491659799852, "Cliff's Delta": 0.3788297756995645, "Cliff's Effect": "medium"}