{"U-statistic": 10829195.5, "p-value": 0.031288996467629185, "CL": 0.5167894852680671, "Glass' Delta": -0.04659974961698348, "Cliff's Delta": 0.03357897053613424, "Cliff's Effect": "negligible", "Bot mean": 4.180533751962323, "Bot median": 2.0, "Non-bot mean": 7.47051313229572, "Non-bot median": 1.0}