{"U-statistic": 14983881.0, "p-value": 6.888203671019093e-146, "CL": 0.7150588563396025, "Glass' Delta": 0.9120821679286248, "Cliff's Delta": 0.4301177126792052, "Cliff's Effect": "medium", "Bot mean": 18.521978021978022, "Bot median": 13.0, "Non-bot mean": 9.702760214007782, "Non-bot median": 7.0}