{"U-statistic": 14732640.0, "p-value": 2.946455406344748e-129, "CL": 0.7030691654093544, "Glass' Delta": 0.5547722393567176, "Cliff's Delta": 0.4061383308187088, "Cliff's Effect": "medium", "Bot mean": 25686.304552590267, "Bot median": 5552.0, "Non-bot mean": 9021.230179961089, "Non-bot median": 1715.0}