{"U-statistic": 14983881.0, "p-value": 6.888203671019093e-146, "CL": 0.7150588563396025, "Glass' Delta": 0.9120821679286248, "Cliff's Delta": 0.4301177126792052, "Cliff's Effect": "medium"}