{"U-statistic": 14446518.0, "p-value": 2.143551069684003e-118, "CL effect size": 0.6894148878497822}