{"U-statistic": 14161617.0, "p-value": 2.1955942025192145e-97, "CL": 0.6758188786963454, "Glass' Delta": 0.494313904738939, "Cliff's Delta": 0.3516377573926907, "Cliff's Effect": "medium", "Bot mean": 20799.90502354788, "Bot median": 3545.5, "Non-bot mean": 7488.582867217899, "Non-bot median": 884.0}