{"U-statistic": 14249376.0, "p-value": 2.660378498795191e-107, "CL": 0.6800069024916162, "Glass' Delta": 0.7188218477322186, "Cliff's Delta": 0.36001380498323243, "Cliff's Effect": "medium", "Bot mean": 4.839874411302983, "Bot median": 4.0, "Non-bot mean": 3.450997081712062, "Non-bot median": 3.0}