{"U-statistic": 10829195.5, "p-value": 0.031288996467629185, "CL": 0.5167894852680671, "Glass' Delta": -0.04659974961698348, "Cliff's Delta": 0.03357897053613424, "Cliff's Effect": "small"}