{"U-statistic": 14732640.0, "p-value": 2.946455406344748e-129, "CL effect size": 0.7030691654093544}