{"U-statistic": 1505159.5, "p-value": 1.052974737167973e-68, "CL effect size": 0.716924922813706}