{"U-statistic": 1475444.0, "p-value": 1.1485742051537554e-46, "CL": 0.702771085599862, "Glass' Delta": 0.6007225164390435, "Cliff's Delta": 0.40554217119972413, "Cliff's Effect": "medium", "Bot mean": 37614.187363834426, "Bot median": 9285, "Non-bot mean": 12927.054875382597, "Non-bot median": 1157.0}