{"U-statistic": 1634246.0, "p-value": 1.7944514650303033e-89, "CL effect size": 0.7784103195765019}