{"U-statistic": 3523877.0, "p-value": 2.3316291039132493e-93, "CL effect size": 0.7325766852034717}