{"U-statistic": 6820416.0, "p-value": 7.674797317129181e-79, "CL": 0.6821122668308437, "Glass' Delta": 0.5420420395946065, "Cliff's Delta": 0.36422453366168733, "Cliff's Effect": "medium"}