{"U-statistic": 1476376.5, "p-value": 7.298912318242894e-47, "CL effect size": 0.7032152461625957}