{"U-statistic": 1476376.5, "p-value": 7.298912318242894e-47, "CL": 0.7032152461625957, "Glass' Delta": 0.6273741536340312, "Cliff's Delta": 0.40643049232519124, "Cliff's Effect": "medium", "Bot mean": 44703.62091503268, "Bot median": 12119, "Non-bot mean": 15873.969392216877, "Non-bot median": 2696.0}