{"U-statistic": 3181018.5, "p-value": 8.847523276492952e-54, "CL effect size": 0.6613000363806455}