{"U-statistic": 1584923.0, "p-value": 1.9299003454108466e-73, "CL": 0.7549172027553673, "Glass' Delta": 1.0008264469661323, "Cliff's Delta": 0.5098344055107347, "Cliff's Effect": "large", "Bot mean": 24.956427015250544, "Bot median": 19, "Non-bot mean": 11.522299956274596, "Non-bot median": 7.0}