{"U-statistic": 3269829.0, "p-value": 3.9362028149486997e-56, "CL effect size": 0.6797627981913622}