{"U-statistic": 6275867.0, "p-value": 1.361925713771378e-45, "CL": 0.6276517247186808, "Glass' Delta": 0.44351280287989325, "Cliff's Delta": 0.2553034494373617, "Cliff's Effect": "small", "Bot mean": 6.62962962962963, "Bot median": 2.0, "Non-bot mean": 3.2242636337124524, "Non-bot median": 0}