{"U-statistic": 6645274.5, "p-value": 9.57446163867297e-65, "CL": 0.6645963021769056, "Glass' Delta": 0.4833155205045899, "Cliff's Delta": 0.32919260435381104, "Cliff's Effect": "small", "Bot mean": 25177.544238683127, "Bot median": 4526.0, "Non-bot mean": 9806.482939632546, "Non-bot median": 1144}