{"U-statistic": 3236461.0, "p-value": 5.096918566768952e-52, "CL": 0.6728259445974741, "Glass' Delta": 0.48356109956235876, "Cliff's Delta": 0.34565188919494827, "Cliff's Effect": "medium", "Bot mean": 29159.02957746479, "Bot median": 5951.0, "Non-bot mean": 11681.090036900368, "Non-bot median": 1271}