{"U-statistic": 6275867.0, "p-value": 1.3619257137714747e-45, "CL effect size": 0.6276517247186808}