{"U-statistic": 2837639.5, "p-value": 2.0105932299213924e-15, "CL": 0.5899151811236423, "Glass' Delta": 0.33383604148730356, "Cliff's Delta": 0.17983036224728444, "Cliff's Effect": "small", "Bot mean": 12.595774647887325, "Bot median": 8.0, "Non-bot mean": 9.095350553505535, "Non-bot median": 5}