{"U-statistic": 1505159.5, "p-value": 1.052974737167973e-68, "CL": 0.716924922813706, "Glass' Delta": 0.687349728176866, "Cliff's Delta": 0.4338498456274119, "Cliff's Effect": "medium", "Bot mean": 9.433551198257081, "Bot median": 4, "Non-bot mean": 3.2929602098819415, "Non-bot median": 0.0}