{"U-statistic": 1625528.5, "p-value": 3.7653699863139642e-87, "CL": 0.7742580732433867, "Glass' Delta": 0.9884281215013776, "Cliff's Delta": 0.5485161464867733, "Cliff's Effect": "large", "Bot mean": 5.3050108932461875, "Bot median": 5, "Non-bot mean": 3.032138172278094, "Non-bot median": 2.0}