{"U-statistic": 6820416.0, "p-value": 7.674797317129181e-79, "CL effect size": 0.6821122668308437}