{"U-statistic": 1634246.0, "p-value": 1.7944514650303033e-89, "CL": 0.7784103195765019, "Glass' Delta": 1.0020334862383944, "Cliff's Delta": 0.5568206391530036, "Cliff's Effect": "large"}