{"U-statistic": 1476376.5, "p-value": 7.298912318242894e-47, "CL": 0.7032152461625957, "Glass' Delta": 0.6273741536340312, "Cliff's Delta": 0.40643049232519124, "Cliff's Effect": "medium"}