{"U-statistic": 4556641.0, "p-value": 2.8684155440384972e-06, "CL effect size": 0.4557113116918913}