{"U-statistic": 7013445.0, "p-value": 1.7600771508916084e-99, "CL": 0.7014171668184824, "Glass' Delta": 0.7473041562530456, "Cliff's Delta": 0.4028343336369648, "Cliff's Effect": "medium", "Bot mean": 5.079218106995885, "Bot median": 4.0, "Non-bot mean": 3.4634004082822982, "Non-bot median": 3}