{"U-statistic": 3523877.0, "p-value": 2.3316291039132493e-93, "CL": 0.7325766852034717, "Glass' Delta": 0.9158931320846199, "Cliff's Delta": 0.4651533704069435, "Cliff's Effect": "medium", "Bot mean": 22.871830985915494, "Bot median": 16.0, "Non-bot mean": 11.517638376383763, "Non-bot median": 7}