{"U-statistic": 3553365.0, "p-value": 1.384369831079068e-100, "CL effect size": 0.7387069279143496}