{"U-statistic": 1837077.5, "p-value": 1.4760492747366836e-25, "CL effect size": 0.3819089444415571}