{"U-statistic": 694091.0, "p-value": 3.0497744668743965e-33, "CL effect size": 0.3306035915799541}