{"U-statistic": 7168674.0, "p-value": 8.825068250548961e-112, "CL effect size": 0.7169416751575464}