{"U-statistic": 1321441.5, "p-value": 2.7011677821178268e-20, "CL": 0.6294179091254634, "Glass' Delta": 0.39951597382388515, "Cliff's Delta": 0.25883581825092666, "Cliff's Effect": "small", "Bot mean": 13.372549019607844, "Bot median": 9, "Non-bot mean": 8.89374726716222, "Non-bot median": 5.0}