{"U-statistic": 5639624.5, "p-value": 3.0680431801504365e-11, "CL": 0.5640208825634335, "Glass' Delta": 0.2927473291355346, "Cliff's Delta": 0.12804176512686713, "Cliff's Effect": "negligible", "Bot mean": 11.481481481481481, "Bot median": 7.0, "Non-bot mean": 8.719743365412656, "Non-bot median": 6}