{"U-statistic": 1584923.0, "p-value": 1.9299003454108466e-73, "CL effect size": 0.7549172027553673}