{"U-statistic": 7081535.5, "p-value": 4.647266145986423e-106, "CL effect size": 0.7082269223091512}