{"U-statistic": 6275867.0, "p-value": 1.3619257137714747e-45, "CL": 0.6276517247186808, "Glass' Delta": 0.44351280287989325, "Cliff's Delta": 0.2553034494373617, "Cliff's Effect": "small"}