{"U-statistic": 3181018.5, "p-value": 8.847523276492952e-54, "CL": 0.6613000363806455, "Glass' Delta": 0.5253993479318542, "Cliff's Delta": 0.322600072761291, "Cliff's Effect": "small", "Bot mean": 7.912676056338028, "Bot median": 3.0, "Non-bot mean": 3.4890036900369004, "Non-bot median": 0}