{"U-statistic": 3528257.5, "p-value": 1.736605313549476e-96, "CL": 0.7334873447326022, "Glass' Delta": 0.8428414502497946, "Cliff's Delta": 0.4669746894652045, "Cliff's Effect": "medium", "Bot mean": 5.191549295774648, "Bot median": 5.0, "Non-bot mean": 3.291512915129151, "Non-bot median": 3}