{"U-statistic": 257331.0, "p-value": 0.009905710615927713, "CL effect size": 0.5389345335207055}