{"U-statistic": 291765.5, "p-value": 4.0828043155883114e-13, "CL": 0.6110515392235503, "Glass' Delta": 0.3826018132433992, "Cliff's Delta": 0.2221030784471005, "Cliff's Effect": "small", "Bot mean": 4.570188133140376, "Bot median": 4, "Non-bot mean": 3.7829232995658466, "Non-bot median": 3}