{"U-statistic": 293629.5, "p-value": 1.266383500076608e-13, "CL effect size": 0.6149553594802725}