{"U-statistic": 289563.0, "p-value": 7.334068668178666e-12, "CL": 0.6064387902345852, "Glass' Delta": 0.20370375339998484, "Cliff's Delta": 0.2128775804691705, "Cliff's Effect": "small", "Bot mean": 15382.03039073806, "Bot median": 3025, "Non-bot mean": 9987.484804630969, "Non-bot median": 1303}