{"U-statistic": 215478.0, "p-value": 0.0016646710349704627, "CL": 0.4512807839474241, "Glass' Delta": -0.08967736245204543, "Cliff's Delta": -0.09743843210515182, "Cliff's Effect": "negligible", "Bot mean": 9.151953690303907, "Bot median": 6, "Non-bot mean": 9.924746743849493, "Non-bot median": 7}