{"U-statistic": 293629.5, "p-value": 1.266383500076608e-13, "CL": 0.6149553594802725, "Glass' Delta": 0.3718538178050398, "Cliff's Delta": 0.22991071896054502, "Cliff's Effect": "small"}