{"U-statistic": 210572.5, "p-value": 8.757608922970646e-05, "CL effect size": 0.4410070767213774}