{"U-statistic": 291882.5, "p-value": 3.6337685809734767e-13, "CL effect size": 0.6112965751516815}