{"U-statistic": 291882.5, "p-value": 3.6337685809734767e-13, "CL": 0.6112965751516815, "Glass' Delta": 0.38313700602964706, "Cliff's Delta": 0.22259315030336285, "Cliff's Effect": "small"}