{"U-statistic": 257331.0, "p-value": 0.00990571061592773, "CL": 0.5389345335207055, "Glass' Delta": 0.149898366977864, "Cliff's Delta": 0.07786906704141107, "Cliff's Effect": "negligible", "Bot mean": 5.164978292329956, "Bot median": 2, "Non-bot mean": 4.041968162083936, "Non-bot median": 1}