{"U-statistic": 298984.0, "p-value": 4.624567325584199e-16, "CL effect size": 0.6261694182595747}